comunita,n_nodi,etichetta,quota_archi_interni,macro_dominante,purezza,temi_fini,newsletter_centrali
4,2701,startup / tech / AI (costruire),0.748,technology,0.493,business 26%; ai_tech 21%; ai_coding 20%; personal 9%; senza_testo 9%,the-founders-corner.com; thevccorner.com; 22ndcenturyfrontier.com; neweconomies.co; ai-supremacy.com; leadershipinchange.com; lennysnewsletter.com; karozieminski
1,2667,literary & personal essay,0.608,lifestyle_culture,0.505,personal 31%; writing 29%; generic 12%; style_home 10%; senza_testo 5%,oldster; georgesaunders; sparkleon; audacity; thehyphen; katherinemay; elizabethgilbert; kathleenschmidt
0,2577,investing (mercati finanziari),0.786,finance,0.699,macro_finance 30%; equity 25%; senza_testo 12%; ai_tech 9%; generic 6%,themarketdispatch.com; macromornings; newsletter.doomberg.com; crackthemarket; vitaliy; nasdaqplaybook; diyinvestor1; princetonchen
7,1730,"food, fashion & home",0.65,lifestyle_culture,0.555,style_home 36%; food 23%; personal 12%; writing 6%; generic 5%,thesecretingredient; readfeedme.com; davidlebovitz; farrah; hunterharris; markdiacono; tovegetableswithlove; annanewton
10,1545,liberal mainstream,0.549,politics,0.657,us_politics 26%; geopolitics 15%; generic 12%; senza_testo 12%; personal 8%,heathercoxrichardson; contrariannews.org; robertreich; joycevance; hartmannreport.com; snyder; thebulwark.com; popular.info
3,1398,heterodox-centrist / policy,0.501,politics,0.406,uk_politics 19%; generic 14%; senza_testo 14%; ai_tech 9%; writing 9%,thefp.com; andrewsullivan; slowboring.com; noahpinion.blog; natesilver.net; blockedandreported.org; adamtooze; newsletter.rootsofprogress.org
9,738,anti-establishment / anti-interventionist,0.611,politics,0.557,geopolitics 19%; generic 15%; us_politics 12%; health 11%; senza_testo 10%,merylnass; themahareport.com; racket.news; barsoom; chrishedges; therevolutioncontinues; kirschsubstack.com; caitlinjohnst.one
8,723,health & science,0.484,science_health,0.483,health 41%; personal 18%; senza_testo 8%; generic 7%; business 6%,theunbiasedscipod; yourlocalepidemiologist; melindawmoyer; insidemedicine; vajenda; relationalriffs; katemanne; thegoldenhour
6,611,music / film / pop culture,0.525,arts_letters,0.716,music 53%; generic 12%; personal 11%; senza_testo 8%; style_home 6%,bradkyle; thekevinalexander; honest-broker.com; thatfinalscene.com; waynerobins; rememberthelightning; newmusicoldmusic; tedhope
15,112,eterogenea (nessun tema dominante),0.446,lifestyle_culture,0.515,generic 26%; personal 26%; writing 12%; senza_testo 8%; business 5%,coolstoriesabout.art; leaderunlock.com; dronedrifter.com; profitandpurpose247; danjones; amymcelroy; nathenamin; helencastor
