comunita,n_nodi,n_senza_label,quota_senza_label,tema_dominante,purezza,n_altra_lingua,n_senza_testo,n_titoli_generici,n_video/podcast
4,2701,421,0.156,technology,0.493,47,231,113,30
1,2667,514,0.193,lifestyle_culture,0.505,14,142,318,40
0,2577,569,0.221,finance,0.699,86,314,163,6
7,1730,215,0.124,lifestyle_culture,0.555,32,86,89,8
10,1545,399,0.258,politics,0.657,13,182,183,21
3,1398,402,0.288,politics,0.406,7,190,195,10
9,738,216,0.293,politics,0.557,19,76,112,9
8,723,116,0.16,science_health,0.483,4,59,48,5
6,611,139,0.227,arts_letters,0.716,10,47,75,7
15,112,46,0.411,lifestyle_culture,0.515,4,9,29,4
