macro,comunita,n_nodi,quota
arts_letters,1,861,0.494
arts_letters,6,338,0.194
arts_letters,3,148,0.085
arts_letters,7,129,0.074
arts_letters,10,79,0.045
arts_letters,4,77,0.044
arts_letters,8,45,0.026
arts_letters,9,24,0.014
arts_letters,0,19,0.011
arts_letters,15,14,0.008
arts_letters,12,5,0.003
arts_letters,17,2,0.001
arts_letters,19,1,0.001
arts_letters,13,1,0.001
business,4,698,0.622
business,0,144,0.128
business,7,56,0.05
business,3,55,0.049
business,1,53,0.047
business,8,44,0.039
business,10,32,0.029
business,6,10,0.009
business,9,9,0.008
business,15,6,0.005
business,2,5,0.004
business,16,3,0.003
business,17,2,0.002
business,12,2,0.002
business,18,1,0.001
business,20,1,0.001
business,14,1,0.001
finance,0,1404,0.903
finance,4,47,0.03
finance,3,46,0.03
finance,2,25,0.016
finance,9,16,0.01
finance,10,9,0.006
finance,15,2,0.001
finance,8,1,0.001
finance,14,1,0.001
finance,1,1,0.001
finance,17,1,0.001
finance,7,1,0.001
food,7,394,0.912
food,1,13,0.03
food,10,6,0.014
food,8,6,0.014
food,4,5,0.012
food,0,3,0.007
food,3,2,0.005
food,9,2,0.005
food,20,1,0.002
lifestyle_culture,1,1087,0.369
lifestyle_culture,7,841,0.286
lifestyle_culture,4,254,0.086
lifestyle_culture,8,168,0.057
lifestyle_culture,10,156,0.053
lifestyle_culture,3,139,0.047
lifestyle_culture,6,101,0.034
lifestyle_culture,9,73,0.025
lifestyle_culture,0,73,0.025
lifestyle_culture,15,34,0.012
lifestyle_culture,12,6,0.002
lifestyle_culture,17,5,0.002
lifestyle_culture,13,4,0.001
lifestyle_culture,16,1,0.0
politics,10,753,0.454
politics,3,404,0.243
politics,9,291,0.175
politics,0,94,0.057
politics,1,50,0.03
politics,8,22,0.013
politics,4,15,0.009
politics,7,13,0.008
politics,6,11,0.007
politics,17,2,0.001
politics,15,2,0.001
politics,14,1,0.001
politics,19,1,0.001
politics,13,1,0.001
science_health,8,293,0.413
science_health,9,80,0.113
science_health,1,69,0.097
science_health,3,67,0.094
science_health,7,66,0.093
science_health,4,61,0.086
science_health,10,41,0.058
science_health,0,22,0.031
science_health,15,4,0.006
science_health,6,4,0.006
science_health,12,1,0.001
science_health,17,1,0.001
technology,4,1123,0.651
technology,0,249,0.144
technology,3,135,0.078
technology,10,70,0.041
technology,2,36,0.021
technology,8,28,0.016
technology,9,27,0.016
technology,1,19,0.011
technology,7,15,0.009
technology,6,8,0.005
technology,16,4,0.002
technology,15,4,0.002
technology,18,3,0.002
technology,17,2,0.001
technology,5,1,0.001
